Workbook

Sheet Масса растений
A1: 1. Масса 9 растений
A3: № | B3: FW корня | C3: FW побега | D3: DW корня | E3: DW побега | F3: Оводненность корней | G3: Оводненность побегов | H3: Ср. Оводненность корней | I3: Ср. Оводненность побегов
A4: На озоление
A5: контроль 1 | B5: 1.0415 | C5: 1.5452 | D5: 0.0584 | E5: 0.1514 | F5: =(B5-D5)/D5 -> 16.833904 | G5: =(C5-E5)/E5 -> 9.2060766 | H5: =AVERAGE(F5:F7) -> 16.365952 | I5: =AVERAGE(G5:G7) -> 9.10064 | K5: =H5+I5 -> 25.466592 | L5: 1
A6: контроль 2 | B6: 1.2405 | C6: 1.936 | D6: 0.0735 | E6: 0.1972 | F6: =(B6-D6)/D6 -> 15.877551 | G6: =(C6-E6)/E6 -> 8.8174442 | K6: =I5 -> 9.10064 | L6: =K6*L5/K5 -> 0.35735602
A7: контроль 3 | B7: 1.0484 | C7: 1.7463 | D7: 0.0603 | E7: 0.1699 | F7: =(B7-D7)/D7 -> 16.386401 | G7: =(C7-E7)/E7 -> 9.2783991
A8: CuCl2 1 | B8: 0.9742 | C8: 1.8074 | D8: 0.0599 | E8: 0.183 | F8: =(B8-D8)/D8 -> 15.263773 | G8: =(C8-E8)/E8 -> 8.8765027 | H8: =AVERAGE(F8:F10) -> 15.689076 | I8: =AVERAGE(G8:G10) -> 9.0509235 | K8: =H8+I8 -> 24.74 | L8: 1
A9: CuCl2 2 | B9: 1.0637 | C9: 1.9543 | D9: 0.0642 | E9: 0.1961 | F9: =(B9-D9)/D9 -> 15.568536 | G9: =(C9-E9)/E9 -> 8.9658338 | K9: =I8 -> 9.0509235 | L9: =K9*L8/K8 -> 0.36584169
A10: CuCl2 3 | B10: 1.0858 | C10: 1.9961 | D10: 0.063 | E10: 0.1936 | F10: =(B10-D10)/D10 -> 16.234921 | G10: =(C10-E10)/E10 -> 9.3104339
A11: П/о Gln 1 mM 1 | B11: 1.2363 | C11: 2.022 | D11: 0.0712 | E11: 0.1915 | F11: =(G11*100%/36%)-G11 -> 16.993328 | G11: =(C11-E11)/E11 -> 9.5587467 | H11: =AVERAGE(F11:F13) -> 16.359211 | I11: =AVERAGE(G11:G13) -> 9.2020564 | K11: =K12*L11/L12 -> 25.561268 | L11: 1
A12: П/о Gln 1 mM 2 | B12: 1.279 | C12: 1.9953 | D12: 0.0737 | E12: 0.1971 | F12: =(G12*100%/36%)-G12 -> 16.219178 | G12: =(C12-E12)/E12 -> 9.1232877 | K12: =I11 -> 9.2020564 | L12: =36% -> 0.36
A13: П/о Gln 1 mM 3 | B13: 1.345 | C13: 2.093 | D13: 0.0775 | E13: 0.2109 | F13: =(G13*100%/36%)-G13 -> 15.865128 | G13: =(C13-E13)/E13 -> 8.9241347
A14: П/о Gln 5 mM 1 | B14: 1.2212 | C14: 2.0107 | D14: 0.0707 | E14: 0.1913 | F14: =(G14*100%/36%)-G14 -> 16.90794 | G14: =(C14-E14)/E14 -> 9.5107162 | H14: =AVERAGE(F14:F16) -> 16.270514 | I14: =AVERAGE(G14:G16) -> 9.1521642
A15: П/о Gln 5 mM 2 | B15: 1.209 | C15: 1.8589 | D15: 0.07 | E15: 0.1885 | F15: =(G15*100%/36%)-G15 -> 15.753846 | G15: =(C15-E15)/E15 -> 8.8615385
A16: П/о Gln 5 mM 3 | B16: 1.5401 | C16: 2.3224 | D16: 0.0892 | E16: 0.2303 | F16: =(G16*100%/36%)-G16 -> 16.149756 | G16: =(C16-E16)/E16 -> 9.084238
A17: На выделение клеточной стенки
A18: № | B18: FW корня | C18: DW корня | D18: DW кл.ст. | E18: Массовая доля
A19: CuCl2 1 | B19: 1.5032 | C19: =B19/(1+$H$5) -> 0.086560183 | D19: 0.0381 | E19: =D19/C19 -> 0.44015618
A20: CuCl2 2 | B20: 1.2846 | C20: =B20/(1+$H$5) -> 0.073972333 | D20: 0.0327 | E20: =D20/C20 -> 0.44205717
A21: CuCl2 3 | B21: 1.3732 | C21: =B21/(1+$H$5) -> 0.079074271 | D21: 0.0354 | E21: =D21/C21 -> 0.44768039
A22: П/о Gln 1 mM 1 | B22: =B11 -> 1.2363 | C22: =B22/(1+$H$11) -> 0.071218673 | D22: 0.031 | E22: =D22/C22 -> 0.4352791
A23: П/о Gln 1 mM 2 | B23: =B12 -> 1.279 | C23: =B23/(1+$H$11) -> 0.073678463 | D23: 0.0329 | E23: =D23/C23 -> 0.44653483
A24: П/о Gln 1 mM 3 | B24: =B13 -> 1.345 | C24: =B24/(1+$H$11) -> 0.077480479 | D24: 0.0382 | E24: =D24/C24 -> 0.49302741
A25: П/о Gln 5 mM 1 | B25: =B14 -> 1.2212 | C25: =B25/(1+$H$14) -> 0.070710113 | D25: 0.0312 | E25: =D25/C25 -> 0.44123816
A26: П/о Gln 5 mM 2 | B26: =B15 -> 1.209 | C26: =B26/(1+$H$14) -> 0.070003706 | D26: 0.0325 | E26: =D26/C26 -> 0.46426113
A27: П/о Gln 5 mM 3 | B27: =B16 -> 1.5401 | C27: =B27/(1+$H$14) -> 0.08917511 | D27: 0.0334 | E27: =D27/C27 -> 0.37454397

Sheet pH растворов
A3: № | B3: pH
A4: Исходные
A5: CuCl2 (1) | B5: 5.04
A6: CuCl2 (2) | B6: 5.03
A7: П/о Gln 1 mM | B7: 5
A8: П/о Gln 5 mM | B8: 5.02
A9: После обработки 9 растений
A10: CuCl2 1 | B10: 7.03
A11: CuCl2 2 | B11: 6.87
A12: CuCl2 3 | B12: 7.06
A13: П/о Gln 1 mM 1 | B13: 7.07
A14: П/о Gln 1 mM 2 | B14: 6.76
A15: П/о Gln 1 mM 3 | B15: 6.96
A16: П/о Gln 5 mM 1 | B16: 7.31
A17: П/о Gln 5 mM 2 | B17: 7.05
A18: П/о Gln 5 mM 3 | B18: 7.07
A19: После сорбции клеточной стенкой
A20: CuCl2 1 | B20: 4.33
A21: CuCl2 2 | B21: 5.23
A22: CuCl2 3 | B22: 4.35
A23: П/о Gln 1 mM 1 | B23: 4.93
A24: П/о Gln 1 mM 2 | B24: 4.81
A25: П/о Gln 1 mM 3 | B25: 4.89
A26: П/о Gln 5 mM 1 | B26: 4.74
A27: П/о Gln 5 mM 2 | B27: 4.73
A28: П/о Gln 5 mM 3 | B28: 4.79

Sheet Обработка интактных растений
A3: № | B3: V общ | C3: Vал. | D3: D600 1 | E3: D600 2 | F3: D600 Ср | G3: мкг/мл | H3: мкмоль/мл | I3: мкмоль общ | J3: мкмоль общ. Ис. Р-ры | K3: Разница исх. - посл. Сорбц | L3: Поглощение мкМ меди на г сырой массы корня | M3: Поглощение мкМ меди на г сухой массы корня | N3: Сырая масса корней | O3: Сухая масса корней | P3: Среднее поглощение мкМ меди на грамм сырой массы корня | Q3: Среднее поглощение мкМ меди на грамм сухой массы корня
A4: CuCl2 1 | B4: 150 | C4: 20 | D4: 0.047 | E4: 0.046 | F4: =AVERAGE(D4:E4) -> 0.0465 | G4: =(F4*18.408+0.2352)/C4 -> 0.0545586 | H4: =G4/63.5 -> 0.00085919055 | I4: =H4*B4 -> 0.12887858 | J4: =$I$15 -> 1.3417002 | K4: =J4-I4 -> 1.2128216 | L4: =K4/N4 -> 1.2449411 | M4: =K4/O4 -> 20.247439 | N4: 0.9742 | O4: 0.0599 | P4: =AVERAGE(L4:L6) -> 1.1801441 | Q4: =AVERAGE(M4:M6) -> 19.680462
A5: CuCl2 2 | B5: 150 | C5: 20 | D5: 0.041 | E5: 0.039 | F5: =AVERAGE(D5:E5) -> 0.04 | G5: =(F5*18.408+0.2352)/C5 -> 0.048576 | H5: =G5/63.5 -> 0.00076497638 | I5: =H5*B5 -> 0.11474646 | J5: =$I$15 -> 1.3417002 | K5: =J5-I5 -> 1.2269537 | L5: =K5/N5 -> 1.1534772 | M5: =K5/O5 -> 19.111428 | N5: 1.0637 | O5: 0.0642
A6: CuCl2 3 | B6: 150 | C6: 20 | D6: 0.032 | E6: 0.036 | F6: =AVERAGE(D6:E6) -> 0.034 | G6: =(F6*18.408+0.2352)/C6 -> 0.0430536 | H6: =G6/63.5 -> 0.00067800945 | I6: =H6*B6 -> 0.10170142 | J6: =$I$15 -> 1.3417002 | K6: =J6-I6 -> 1.2399987 | L6: =K6/N6 -> 1.1420139 | M6: =K6/O6 -> 19.68252 | N6: 1.0858 | O6: 0.063
A13: Исходные растворы
A14: № | B14: V общ | C14: Vал. | D14: D600 1 | E14: D600 2 | F14: D600 Ср | G14: мкг/мл | H14: мкмоль/мл | I14: мкмоль общ
A15: CuCl 10 1 | B15: 150 | C15: 5 | D15: 0.14 | E15: 0.143 | F15: =AVERAGE(D15:E15) -> 0.1415 | G15: =(F15*18.408+0.2352)/C15 -> 0.5679864 | H15: =G15/63.5 -> 0.0089446677 | I15: =H15*B15 -> 1.3417002
A16: CuCl 10 2 | B16: 150 | C16: 5 | D16: 0.14 | E16: 0.14 | F16: =AVERAGE(D16:E16) -> 0.14 | G16: =(F16*18.408+0.2352)/C16 -> 0.562464 | H16: =G16/63.5 -> 0.0088577008 | I16: =H16*B16 -> 1.3286551
A19: Калибровка
A20: № | B20: мкг/проба | C20: D 600
A21: 0.1 | B21: =A21*10 -> 1 | C21: 0.043
A22: 0.2 | B22: =A22*10 -> 2 | C22: 0.093
A23: 0.3 | B23: =A23*10 -> 3 | C23: 0.151
A24: 0.4 | B24: =A24*10 -> 4 | C24: 0.206
A25: 0.5 | B25: =A25*10 -> 5 | C25: 0.258

Sheet Сорбция клеточной стенкой
A3: № | B3: V общ | C3: Vал. | D3: D600 1 | E3: D600 2 | F3: D600 Ср | G3: мкг/мл | H3: мкмоль/мл | I3: мкмоль общ | J3: мкмоль общ. Ис. Р-ры | K3: Разница исх. - посл. Сорбц | L3: Сорбция на г сырой массы | M3: Сорбция на г сухой массы | N3: Сорбция на г DW кл ст | O3: Сырая масса корней | P3: Сухая масса корней | Q3: DW кл ст | R3: Среднее поглощение на грамм сырой массы корня | S3: Среднее поглощение на грамм сухой массы корня | T3: Средняя сорбция на грамм сухой массы кл.ст
A4: CuCl2 1 | B4: 150 | C4: 20 | D4: 0.023 | E4: 0.023 | F4: =AVERAGE(D4:E4) -> 0.023 | G4: =(F4*18.447+0.185)/C4 -> 0.03046405 | H4: =G4/63.5 -> 0.00047974882 | I4: =H4*B4 -> 0.071962323 | J4: ='Обработка интактных растений'!$I$16 -> 1.3286551 | K4: =J4-I4 -> 1.2566928 | L4: =K4/O4 -> 0.83601171 | M4: =K4/P4 -> 14.518139 | N4: =K4/Q4 -> 32.984063 | O4: 1.5032 | P4: 0.086560183 | Q4: 0.0381 | R4: =AVERAGE(L4:L6) -> 0.8988995 | S4: =AVERAGE(M4:M6) -> 15.610246 | T4: =AVERAGE(N4:N6) -> 35.210268
A5: CuCl2 2 | B5: 150 | C5: 20 | D5: 0.038 | E5: 0.041 | F5: =AVERAGE(D5:E5) -> 0.0395 | G5: =(F5*18.447+0.185)/C5 -> 0.045682825 | H5: =G5/63.5 -> 0.00071941457 | I5: =H5*B5 -> 0.10791219 | J5: ='Обработка интактных растений'!$I$16 -> 1.3286551 | K5: =J5-I5 -> 1.2207429 | L5: =K5/O5 -> 0.95029031 | M5: =K5/P5 -> 16.502696 | N5: =K5/Q5 -> 37.331588 | O5: 1.2846 | P5: 0.073972333 | Q5: 0.0327
A6: CuCl2 3 | B6: 150 | C6: 20 | D6: 0.027 | E6: 0.025 | F6: =AVERAGE(D6:E6) -> 0.026 | G6: =(F6*18.447+0.185)/C6 -> 0.0332311 | H6: =G6/63.5 -> 0.00052332441 | I6: =H6*B6 -> 0.078498661 | J6: ='Обработка интактных растений'!$I$16 -> 1.3286551 | K6: =J6-I6 -> 1.2501565 | L6: =K6/O6 -> 0.91039649 | M6: =K6/P6 -> 15.809902 | N6: =K6/Q6 -> 35.315154 | O6: 1.3732 | P6: 0.079074271 | Q6: 0.0354
A7: П/о Gln 1 mM 1 | B7: 150 | C7: 20 | D7: 0.005 | E7: 0.005 | F7: =AVERAGE(D7:E7) -> 0.005 | G7: =(F7*18.447+0.185)/C7 -> 0.01386175 | H7: =G7/63.5 -> 0.00021829528 | I7: =H7*B7 -> 0.032744291 | J7: ='Обработка интактных растений'!$I$16 -> 1.3286551 | K7: =J7-I7 -> 1.2959108 | L7: =K7/O7 -> 1.0482171 | M7: =K7/P7 -> 18.196222 | N7: =K7/Q7 -> 41.803575 | O7: 1.2363 | P7: 0.071218673 | Q7: 0.031 | R7: =AVERAGE(L7:L9) -> 1.0077321 | S7: =AVERAGE(M7:M9) -> 17.493434 | T7: =AVERAGE(N7:N9) -> 38.348837
A8: П/о Gln 1 mM 2 | B8: 150 | C8: 20 | D8: 0.006 | E8: 0.007 | F8: =AVERAGE(D8:E8) -> 0.0065 | G8: =(F8*18.447+0.185)/C8 -> 0.015245275 | H8: =G8/63.5 -> 0.00024008307 | I8: =H8*B8 -> 0.036012461 | J8: ='Обработка интактных растений'!$I$16 -> 1.3286551 | K8: =J8-I8 -> 1.2926427 | L8: =K8/O8 -> 1.0106667 | M8: =K8/P8 -> 17.544376 | N8: =K8/Q8 -> 39.29005 | O8: 1.279 | P8: 0.073678463 | Q8: 0.0329
A9: П/о Gln 1 mM 3 | B9: 150 | C9: 20 | D9: 0.005 | E9: 0.004 | F9: =AVERAGE(D9:E9) -> 0.0045 | G9: =(F9*18.447+0.185)/C9 -> 0.013400575 | H9: =G9/63.5 -> 0.00021103268 | I9: =H9*B9 -> 0.031654902 | J9: ='Обработка интактных растений'!$I$16 -> 1.3286551 | K9: =J9-I9 -> 1.2970002 | L9: =K9/O9 -> 0.96431243 | M9: =K9/P9 -> 16.739703 | N9: =K9/Q9 -> 33.952885 | O9: 1.345 | P9: 0.077480479 | Q9: 0.0382
A10: П/о Gln 5 mM 1 | B10: 150 | C10: 20 | D10: 0.006 | E10: 0.006 | F10: =AVERAGE(D10:E10) -> 0.006 | G10: =(F10*18.447+0.185)/C10 -> 0.0147841 | H10: =G10/63.5 -> 0.00023282047 | I10: =H10*B10 -> 0.034923071 | J10: ='Обработка интактных растений'!$I$16 -> 1.3286551 | K10: =J10-I10 -> 1.293732 | L10: =K10/O10 -> 1.0593941 | M10: =K10/P10 -> 18.29628 | N10: =K10/Q10 -> 41.465771 | O10: 1.2212 | P10: 0.070710113 | Q10: 0.0312 | R10: =AVERAGE(L10:L12) -> 0.98940706 | S10: =AVERAGE(M10:M12) -> 17.087569 | T10: =AVERAGE(N10:N12) -> 39.990692
A11: П/о Gln 5 mM 2 | B11: 150 | C11: 20 | D11: 0.008 | E11: 0.007 | F11: =AVERAGE(D11:E11) -> 0.0075 | G11: =(F11*18.447+0.185)/C11 -> 0.016167625 | H11: =G11/63.5 -> 0.00025460827 | I11: =H11*B11 -> 0.03819124 | J11: ='Обработка интактных растений'!$I$16 -> 1.3286551 | K11: =J11-I11 -> 1.2904639 | L11: =K11/O11 -> 1.0673812 | M11: =K11/P11 -> 18.434222 | N11: =K11/Q11 -> 39.706581 | O11: 1.209 | P11: 0.070003706 | Q11: 0.0325
A12: П/о Gln 5 mM 3 | B12: 150 | C12: 20 | D12: 0.004 | E12: 0.006 | F12: =AVERAGE(D12:E12) -> 0.005 | G12: =(F12*18.447+0.185)/C12 -> 0.01386175 | H12: =G12/63.5 -> 0.00021829528 | I12: =H12*B12 -> 0.032744291 | J12: ='Обработка интактных растений'!$I$16 -> 1.3286551 | K12: =J12-I12 -> 1.2959108 | L12: =K12/O12 -> 0.8414459 | M12: =K12/P12 -> 14.532203 | N12: =K12/Q12 -> 38.799725 | O12: 1.5401 | P12: 0.08917511 | Q12: 0.0334
A14: Калибровка | B14: L=50 | C14: 10мкг/мл
A15: V ал | B15: мкг/проба | C15: D600
A16: 0.1 | B16: =A16*10 -> 1 | C16: 0.045
A17: 0.2 | B17: =A17*10 -> 2 | C17: 0.098
A18: 0.3 | B18: =A18*10 -> 3 | C18: 0.151
A19: 0.4 | B19: =A19*10 -> 4 | C19: 0.208
A20: 0.5 | B20: =A20*10 -> 5 | C20: 0.261

Sheet Десорбция
A2: № | B2: V общ | C2: Vал. | D2: D600 1 | E2: D600 2 | F2: D600 Ср | G2: мкг/мл | H2: мкмоль/мл | I2: мкмоль общ | J2: Сорбция на г сырой массы | K2: Сорбция на г сухой массы | L2: Сорбция на г DW кл ст | M2: Сырая масса корней | N2: Сухая масса корней | O2: DW кл ст | P2: Среднее поглощение на грамм сырой массы корня | Q2: Среднее поглощение на грамм сухой массы корня | R2: Средняя сорбция на грамм сухой массы корня
A3: CuCl2 1 | B3: 20 | C3: 5 | D3: 0.207 | E3: 0.209 | F3: =AVERAGE(D3:E3) -> 0.208 | G3: =(F3*91.516+0.1593)/C3 -> 3.8389256 | H3: =G3/63.5 -> 0.060455521 | I3: =H3*B3 -> 1.2091104 | J3: =I3/M3 -> 0.80435765 | K3: =I3/N3 -> 13.968437 | L3: =I3/O3 -> 31.735182 | M3: 1.5032 | N3: 0.086560183 | O3: 0.0381 | P3: =AVERAGE(J3:J5) -> 0.85157694 | Q3: =AVERAGE(K3:K5) -> 14.788444 | R3: =AVERAGE(L3:L5) -> 33.355392
A4: CuCl2 2 | B4: 20 | C4: 5 | D4: 0.195 | E4: 0.192 | F4: =AVERAGE(D4:E4) -> 0.1935 | G4: =(F4*91.516+0.1593)/C4 -> 3.5735292 | H4: =G4/63.5 -> 0.05627605 | I4: =H4*B4 -> 1.125521 | J4: =I4/M4 -> 0.87616457 | K4: =I4/N4 -> 15.215432 | L4: =I4/O4 -> 34.419603 | M4: 1.2846 | N4: 0.073972333 | O4: 0.0327
A5: CuCl2 3 | B5: 20 | C5: 5 | D5: 0.206 | E5: 0.207 | F5: =AVERAGE(D5:E5) -> 0.2065 | G5: =(F5*91.516+0.1593)/C5 -> 3.8114708 | H5: =G5/63.5 -> 0.060023162 | I5: =H5*B5 -> 1.2004632 | J5: =I5/M5 -> 0.8742086 | K5: =I5/N5 -> 15.181465 | L5: =I5/O5 -> 33.911391 | M5: 1.3732 | N5: 0.079074271 | O5: 0.0354
A6: П/о Gln 1 mM 1 | B6: 20 | C6: 5 | D6: 0.216 | E6: 0.218 | F6: =AVERAGE(D6:E6) -> 0.217 | G6: =(F6*91.516+0.1593)/C6 -> 4.0036544 | H6: =G6/63.5 -> 0.063049676 | I6: =H6*B6 -> 1.2609935 | J6: =I6/M6 -> 1.0199737 | K6: =I6/N6 -> 17.705939 | L6: =I6/O6 -> 40.67721 | M6: 1.2363 | N6: 0.071218673 | O6: 0.031 | P6: =AVERAGE(J6:J8) -> 0.96953172 | Q6: =AVERAGE(K6:K8) -> 16.830306 | R6: =AVERAGE(L6:L8) -> 36.91584
A7: П/о Gln 1 mM 2 | B7: 20 | C7: 5 | D7: 0.213 | E7: 0.216 | F7: =AVERAGE(D7:E7) -> 0.2145 | G7: =(F7*91.516+0.1593)/C7 -> 3.9578964 | H7: =G7/63.5 -> 0.062329077 | I7: =H7*B7 -> 1.2465815 | J7: =I7/M7 -> 0.97465328 | K7: =I7/N7 -> 16.919212 | L7: =I7/O7 -> 37.890017 | M7: 1.279 | N7: 0.073678463 | O7: 0.0329
A8: П/о Gln 1 mM 3 | B8: 20 | C8: 5 | D8: 0.212 | E8: 0.211 | F8: =AVERAGE(D8:E8) -> 0.2115 | G8: =(F8*91.516+0.1593)/C8 -> 3.9029868 | H8: =G8/63.5 -> 0.061464359 | I8: =H8*B8 -> 1.2292872 | J8: =I8/M8 -> 0.91396816 | K8: =I8/N8 -> 15.865766 | L8: =I8/O8 -> 32.180293 | M8: 1.345 | N8: 0.077480479 | O8: 0.0382
A9: П/о Gln 5 mM 1 | B9: 20 | C9: 5 | D9: 0.222 | E9: 0.219 | F9: =AVERAGE(D9:E9) -> 0.2205 | G9: =(F9*91.516+0.1593)/C9 -> 4.0677156 | H9: =G9/63.5 -> 0.064058513 | I9: =H9*B9 -> 1.2811703 | J9: =I9/M9 -> 1.0491077 | K9: =I9/N9 -> 18.118629 | L9: =I9/O9 -> 41.06315 | M9: 1.2212 | N9: 0.070710113 | O9: 0.0312 | P9: =AVERAGE(J9:J11) -> 0.97596985 | Q9: =AVERAGE(K9:K11) -> 16.855501 | R9: =AVERAGE(L9:L11) -> 39.439067
A10: П/о Gln 5 mM 2 | B10: 20 | C10: 5 | D10: 0.218 | E10: 0.22 | F10: =AVERAGE(D10:E10) -> 0.219 | G10: =(F10*91.516+0.1593)/C10 -> 4.0402608 | H10: =G10/63.5 -> 0.063626154 | I10: =H10*B10 -> 1.2725231 | J10: =I10/M10 -> 1.0525418 | K10: =I10/N10 -> 18.177939 | L10: =I10/O10 -> 39.154557 | M10: 1.209 | N10: 0.070003706 | O10: 0.0325
A11: П/о Gln 5 mM 3 | B11: 20 | C11: 5 | D11: 0.22 | E11: 0.218 | F11: =AVERAGE(D11:E11) -> 0.219 | G11: =(F11*91.516+0.1593)/C11 -> 4.0402608 | H11: =G11/63.5 -> 0.063626154 | I11: =H11*B11 -> 1.2725231 | J11: =I11/M11 -> 0.82626004 | K11: =I11/N11 -> 14.269936 | L11: =I11/O11 -> 38.099494 | M11: 1.5401 | N11: 0.08917511 | O11: 0.0334
P13: 0.8988995 | Q13: 15.610246 | R13: 35.210268
A16: Калибровка | B16: L=10 | C16: 10мкг/мл | P16: 1.0077321 | Q16: 17.493434 | R16: 38.348837
A17: V ал | B17: мкг/проба | C17: D600
A18: 1 | B18: =A18*10 -> 10 | C18: 0.106
A19: 1.5 | B19: =A19*10 -> 15 | C19: 0.163 | P19: 0.98940706 | Q19: 17.087569 | R19: 39.990692
A20: 2 | B20: =A20*10 -> 20 | C20: 0.22
A21: 2.5 | B21: =A21*10 -> 25 | C21: 0.269
A22: 3 | B22: =A22*10 -> 30 | C22: 0.326

Sheet Озоление корней
A2: № | B2: V общ | C2: Vал. | D2: D600 1 | E2: D600 2 | F2: D600 Ср | G2: мкг/мл | H2: мкмоль/мл | I2: мкмоль общ | J2: Концентрация меди на г сырой массы корня | K2: Концентрация меди на г сухой массы корня | L2: Сырая масса корней | M2: Сухая масса корней | N2: Среднее поглощение на грамм сырой массы корня | O2: Среднее поглощение на грамм сухой массы корня
A3: Контроль 1 | B3: =25.1+0.7+0.1+6*0.0143+2*0.01667 -> 26.01914 | C3: 10 | D3: 0.037 | E3: 0.043 | F3: =AVERAGE(D3:E3) -> 0.04 | G3: =(F3*28.539+0.194)/C3 -> 0.133556 | H3: =G3/63.5 -> 0.0021032441 | I3: =H3*B3 -> 0.054724603 | J3: =I3/L3 -> 0.052544025 | K3: =I3/M3 -> 0.93706511 | L3: 1.0415 | M3: 0.0584 | N3: =AVERAGE(J3:J5) -> 0.054411541 | O3: =AVERAGE(K3:K5) -> 0.94403562
A4: Контроль 2 | B4: =25+0.6+0.1+0.1+0.01667*4 -> 25.86668 | C4: 10 | D4: 0.052 | E4: 0.058 | F4: =AVERAGE(D4:E4) -> 0.055 | G4: =(F4*28.539+0.194)/C4 -> 0.1763645 | H4: =G4/63.5 -> 0.0027773937 | I4: =H4*B4 -> 0.071841954 | J4: =I4/L4 -> 0.057913707 | K4: =I4/M4 -> 0.97744155 | L4: 1.2405 | M4: 0.0735
A5: Контроль 3 | B5: =25.2+0.3+0.0143+0.1+0.1+0.0143*3 -> 25.7572 | C5: 10 | D5: 0.045 | E5: 0.037 | F5: =AVERAGE(D5:E5) -> 0.041 | G5: =(F5*28.539+0.194)/C5 -> 0.1364099 | H5: =G5/63.5 -> 0.0021481874 | I5: =H5*B5 -> 0.055331293 | J5: =I5/L5 -> 0.052776891 | K5: =I5/M5 -> 0.91760021 | L5: 1.0484 | M5: 0.0603
A6: CuCl2 10 1 | B6: =25+0.6+0.01667*4 -> 25.66668 | C6: 3 | D6: 0.11 | E6: 0.11 | F6: =AVERAGE(D6:E6) -> 0.11 | G6: =(F6*28.539+0.194)/C6 -> 1.1110967 | H6: =G6/63.5 -> 0.017497585 | I6: =H6*B6 -> 0.44910492 | J6: =I6/L6 -> 0.46099869 | K6: =I6/M6 -> 7.497578 | L6: 0.9742 | M6: 0.0599 | N6: =AVERAGE(J6:J8) -> 0.49740247 | O6: =AVERAGE(K6:K8) -> 8.3107095
A7: CuCl2 10 2 | B7: =25+0.4+0.01667 -> 25.41667 | C7: 3 | D7: 0.135 | E7: 0.135 | F7: =AVERAGE(D7:E7) -> 0.135 | G7: =(F7*28.539+0.194)/C7 -> 1.3489217 | H7: =G7/63.5 -> 0.021242861 | I7: =H7*B7 -> 0.53992279 | J7: =I7/L7 -> 0.50758934 | K7: =I7/M7 -> 8.4100122 | L7: 1.0637 | M7: 0.0642
A8: CuCl2 10 3 | B8: =25+0.9+0.0143*3+0.1+0.1+0.01667*4 -> 26.20958 | C8: 3 | D8: 0.139 | E8: 0.137 | F8: =AVERAGE(D8:E8) -> 0.138 | G8: =(F8*28.539+0.194)/C8 -> 1.3774607 | H8: =G8/63.5 -> 0.021692294 | I8: =H8*B8 -> 0.56854591 | J8: =I8/L8 -> 0.52361937 | K8: =I8/M8 -> 9.0245383 | L8: 1.0858 | M8: 0.063
A12: Калибровка | B12: L=30
L13: 1(7)100 | M13: =0.1/7 -> 0.014285714
A14: 0.1 | B14: =A14*10 -> 1 | C14: 0.029 | L14: 1(6)100 | M14: =0.1/6 -> 0.016666667
A15: 0.3 | B15: =A15*10 -> 3 | C15: 0.1
A16: 0.5 | B16: =A16*10 -> 5 | C16: 0.17
A17: 0.7 | B17: =A17*10 -> 7 | C17: 0.229
A18: 0.9 | B18: =A18*10 -> 9 | C18: 0.314

Sheet Озоление побегов
A3: № | B3: V общ | C3: Vал. | D3: D600 1 | E3: D600 2 | F3: D600 Ср | G3: мкг/мл | H3: мкмоль/мл | I3: мкмоль общ | J3: Концентрация меди на г сырой массы побега | K3: Концентрация меди на г сухой массы побега | L3: Сырая масса побегов | M3: Сухая масса побегов | N3: Среднее поглощение на грамм сырой массы корня | O3: Среднее поглощение на грамм сухой массы корня
A4: Контроль 1 | B4: =25.2+0.4+0.01667*3 -> 25.65001 | C4: 12 | D4: 0.125 | E4: 0.119 | F4: =AVERAGE(D4:E4) -> 0.122 | G4: =(F4*16.971+0.2372)/C4 -> 0.19230517 | H4: =G4/63.5 -> 0.0030284278 | I4: =H4*B4 -> 0.077679204 | J4: =I4/L4 -> 0.050271294 | K4: =I4/M4 -> 0.51307268 | L4: 1.5452 | M4: 0.1514 | N4: =AVERAGE(J4,J6) -> 0.042565119 | O4: =AVERAGE(K4,K6) -> 0.43568341
A5: Контроль 2 !! | B5: =25+0.4+0.0143*6+0.05 -> 25.5358 | C5: 12 | D5: 0.062 | E5: 0.058 | F5: =AVERAGE(D5:E5) -> 0.06 | G5: =(F5*16.971+0.2372)/C5 -> 0.10462167 | H5: =G5/63.5 -> 0.0016475853 | I5: =H5*B5 -> 0.042072409 | J5: =I5/L5 -> 0.021731616 | K5: =I5/M5 -> 0.21334893 | L5: 1.936 | M5: 0.1972
A6: Контроль 3 | B6: =25+0.4+0.01667*3+0.1 -> 25.55001 | C6: 12 | D6: 0.094 | E6: 0.092 | F6: =AVERAGE(D6:E6) -> 0.093 | G6: =(F6*16.971+0.2372)/C6 -> 0.15129192 | H6: =G6/63.5 -> 0.0023825499 | I6: =H6*B6 -> 0.060874173 | J6: =I6/L6 -> 0.034858943 | K6: =I6/M6 -> 0.35829413 | L6: 1.7463 | M6: 0.1699
A7: CuCl2 10 1 | B7: =25.1+0.0143*6+0.9+0.01667*2+0.3 -> 26.41914 | C7: 12 | D7: 0.097 | E7: 0.092 | F7: =AVERAGE(D7:E7) -> 0.0945 | G7: =(F7*16.971+0.2372)/C7 -> 0.15341329 | H7: =G7/63.5 -> 0.0024159573 | I7: =H7*B7 -> 0.063827515 | J7: =I7/L7 -> 0.035314549 | K7: =I7/M7 -> 0.34878424 | L7: 1.8074 | M7: 0.183 | N7: =AVERAGE(J7:J9) -> 0.033422307 | O7: =AVERAGE(K7:K9) -> 0.33581075
A8: CuCl2 10 2 | B8: =25+0.5+0.1+0.8 -> 26.4 | C8: 12 | D8: 0.093 | E8: 0.092 | F8: =AVERAGE(D8:E8) -> 0.0925 | G8: =(F8*16.971+0.2372)/C8 -> 0.15058479 | H8: =G8/63.5 -> 0.002371414 | I8: =H8*B8 -> 0.062605331 | J8: =I8/L8 -> 0.032034657 | K8: =I8/M8 -> 0.31925207 | L8: 1.9543 | M8: 0.1961
A9: CuCl2 10 3 | B9: =25+0.5+0.0143*3+0.1+0.01667 -> 25.65957 | C9: 12 | D9: 0.104 | E9: 0.098 | F9: =AVERAGE(D9:E9) -> 0.101 | G9: =(F9*16.971+0.2372)/C9 -> 0.16260592 | H9: =G9/63.5 -> 0.0025607231 | I9: =H9*B9 -> 0.065707054 | J9: =I9/L9 -> 0.032917716 | K9: =I9/M9 -> 0.33939594 | L9: 1.9961 | M9: 0.1936
J11: !! - Пролил при переносе, в расчетах не учитывал.
A14: Калибровка | B14: L=50
A16: 0.1 | B16: =A16*10 -> 1 | C16: 0.046
A17: 0.2 | B17: =A17*10 -> 2 | C17: 0.101
A18: 0.3 | B18: =A18*10 -> 3 | C18: 0.165
A19: 0.4 | B19: =A19*10 -> 4 | C19: 0.222
A20: 0.5 | B20: =A20*10 -> 5 | C20: 0.28
